epoch,step,train_loss,val_loss
0,9,2.6016807556152344,
0,17,,1.010263204574585
1,19,1.2981321811676025,
1,29,1.0706859827041626,
1,35,,0.9558345079421997
2,39,0.9407159090042114,
2,49,1.110292673110962,
2,53,,0.90972501039505
3,59,1.017094373703003,
3,69,0.8719782829284668,
3,71,,0.8458037972450256
4,79,0.8257242441177368,
4,89,0.8241004943847656,
4,89,,0.8175358176231384
5,99,0.7952500581741333,
5,107,,0.798099935054779
6,109,0.798348069190979,
6,119,0.7780598402023315,
6,125,,0.7833969593048096
7,129,0.7564669251441956,
7,139,0.762121319770813,
7,143,,0.7696877121925354
8,149,0.7815114259719849,
8,159,0.7054822444915771,
8,161,,0.7580622434616089
9,169,0.7035490870475769,
9,179,0.7487418055534363,
9,179,,0.7500157356262207
10,189,0.6857151985168457,
10,197,,0.7521302103996277
11,199,0.9564529657363892,
11,209,0.6757801175117493,
11,215,,0.7317123413085938
12,219,0.8099830150604248,
12,229,0.9286251068115234,
12,233,,0.7250935435295105
13,239,0.6644129157066345,
13,249,0.729101300239563,
13,251,,0.715507447719574
14,259,0.6058732271194458,
14,269,0.6110709309577942,
14,269,,0.7023352980613708
15,279,0.6260795593261719,
15,287,,0.6916306018829346
16,289,0.6018639802932739,
16,299,0.6000341773033142,
16,305,,0.6814068555831909
17,309,0.5870083570480347,
17,319,0.6678987741470337,
17,323,,0.6722517609596252
18,329,0.5744560956954956,
18,339,0.7413058876991272,
18,341,,0.7074955105781555
19,349,1.0312137603759766,
19,359,2.0735843181610107,
19,359,,0.8092689514160156
20,369,0.5344508290290833,
20,377,,0.6587498188018799
21,379,0.5752261877059937,
21,389,0.5221694111824036,
21,395,,0.6499161124229431
22,399,0.5340904593467712,
22,409,0.6112796068191528,
22,413,,0.6353327035903931
23,419,0.48909348249435425,
23,429,0.4918191432952881,
23,431,,0.623401939868927
24,439,0.5050195455551147,
24,449,0.4957660734653473,
24,449,,0.61653071641922
25,459,0.5115901231765747,
25,467,,0.6025752425193787
26,469,0.49335888028144836,
26,479,0.5071565508842468,
26,485,,0.5945841073989868
27,489,0.5064880847930908,
27,499,0.4555204510688782,
27,503,,0.583949625492096
28,509,0.4774467945098877,
28,519,0.471237450838089,
28,521,,0.5742695331573486
29,529,0.4617205262184143,
29,539,0.5021651387214661,
29,539,,0.5643207430839539
30,549,0.4666653871536255,
30,557,,0.5539111495018005
31,559,0.4842807352542877,
31,569,0.45415401458740234,
31,575,,0.5473818778991699
32,579,0.4466536343097687,
32,589,0.43088436126708984,
32,593,,0.5380100011825562
33,599,0.4036467969417572,
33,609,0.4065706133842468,
33,611,,0.5305658578872681
34,619,0.3894893527030945,
34,629,0.4472232758998871,
34,629,,0.5235742926597595
35,639,0.42525482177734375,
35,647,,0.5147597193717957
36,649,0.4297802448272705,
36,659,0.4071895480155945,
36,665,,0.5465235710144043
37,669,0.4258609414100647,
37,679,0.4001048803329468,
37,683,,0.5591488480567932
38,689,0.9657583236694336,
38,699,1.8927323818206787,
38,701,,0.5725445747375488
39,709,0.660889744758606,
39,719,0.990510106086731,
39,719,,0.6233727335929871
40,729,0.799172043800354,
40,737,,0.5753297805786133
41,739,0.46203920245170593,
41,749,0.4802033305168152,
41,755,,0.5244590044021606
42,759,0.39931944012641907,
42,769,0.4124367833137512,
42,773,,0.5081667304039001
43,779,0.41293594241142273,
43,789,0.4442075192928314,
43,791,,0.5006626844406128
44,799,0.3919405937194824,
44,809,0.3808199465274811,
44,809,,0.4934227168560028
45,819,0.5405824780464172,
45,827,,0.48710376024246216
46,829,0.4049205183982849,
46,839,0.35536468029022217,
46,845,,0.48252812027931213
47,849,0.361922025680542,
47,859,0.3803047835826874,
47,863,,0.4740075469017029
48,869,0.4140639007091522,
48,879,0.35496270656585693,
48,881,,0.46745583415031433
49,889,0.3739530146121979,
49,899,0.36769768595695496,
49,899,,0.4599308967590332
50,909,0.3631051778793335,
50,917,,0.45369192957878113
51,919,0.33089199662208557,
51,929,0.3502591848373413,
51,935,,0.44701775908470154
52,939,0.350406676530838,
52,949,0.3029012084007263,
52,953,,0.4403056800365448
53,959,0.33901792764663696,
53,969,0.3618766963481903,
53,971,,0.4337875247001648
54,979,0.3762054443359375,
54,989,0.3764162063598633,
54,989,,0.4266551733016968
55,999,0.36032381653785706,
55,1007,,0.4202391505241394
56,1009,0.3071323037147522,
56,1019,0.3109336495399475,
56,1025,,0.4138195812702179
57,1029,0.3208184838294983,
57,1039,0.3214877247810364,
57,1043,,0.4071008265018463
58,1049,0.3133998513221741,
58,1059,0.28401342034339905,
58,1061,,0.398472398519516
59,1069,0.30769720673561096,
59,1079,0.362907737493515,
59,1079,,0.3916727304458618
60,1089,0.3286078870296478,
60,1097,,0.3841038644313812
61,1099,0.3264550268650055,
61,1109,0.3138986825942993,
61,1115,,0.3773927092552185
62,1119,0.3297390043735504,
62,1129,0.301273912191391,
62,1133,,0.37260133028030396
63,1139,0.3031180202960968,
63,1149,0.316059410572052,
63,1151,,0.37864845991134644
64,1159,0.24694132804870605,
64,1169,0.2819216847419739,
64,1169,,0.3733300566673279
65,1179,0.2844426929950714,
65,1187,,0.3586145043373108
66,1189,0.35042256116867065,
66,1199,0.3328450620174408,
66,1205,,0.36097827553749084
67,1209,0.27757418155670166,
67,1219,0.2580471634864807,
67,1223,,0.3497817814350128
68,1229,0.2931565046310425,
68,1239,0.2590689957141876,
68,1241,,0.34024643898010254
69,1249,0.25095081329345703,
69,1259,0.2875508964061737,
69,1259,,0.3316901922225952
70,1269,0.2778678834438324,
70,1277,,0.32481375336647034
71,1279,0.2415311336517334,
71,1289,0.2727070748806,
71,1295,,0.3166738748550415
72,1299,0.23522573709487915,
72,1309,0.2812499403953552,
72,1313,,0.3112320601940155
73,1319,0.2225273698568344,
73,1329,0.21918796002864838,
73,1331,,0.3056994080543518
74,1339,0.2225571870803833,
74,1349,0.2601163685321808,
74,1349,,0.3011017143726349
75,1359,0.217619851231575,
75,1367,,0.33126458525657654
76,1369,0.31793639063835144,
76,1379,0.37478652596473694,
76,1385,,0.3119623363018036
77,1389,0.34330224990844727,
77,1399,0.20183542370796204,
77,1403,,0.31087273359298706
78,1409,0.24363243579864502,
78,1419,0.30975276231765747,
78,1421,,0.342865914106369
79,1429,0.23772072792053223,
79,1439,0.23421938717365265,
79,1439,,0.300356388092041
80,1449,0.24931931495666504,
80,1457,,0.2912462055683136
81,1459,0.22313475608825684,
81,1469,0.2047165036201477,
81,1475,,0.28479403257369995
82,1479,0.2764735817909241,
82,1489,0.20755206048488617,
82,1493,,0.27629777789115906
83,1499,0.20661482214927673,
83,1509,0.2512302100658417,
83,1511,,0.27027827501296997
84,1519,0.2116452157497406,
84,1529,0.23445339500904083,
84,1529,,0.2667868435382843
85,1539,0.2537613809108734,
85,1547,,0.2615635097026825
86,1549,0.2046343833208084,
86,1559,0.18803709745407104,
86,1565,,0.25678926706314087
87,1569,0.20134460926055908,
87,1579,0.20949482917785645,
87,1583,,0.2561017572879791
88,1589,0.21259820461273193,
88,1599,0.26591619849205017,
88,1601,,0.2780512571334839
89,1609,0.31709912419319153,
89,1619,0.17850187420845032,
89,1619,,0.2737947404384613
90,1629,0.24727216362953186,
90,1637,,0.2594927251338959
91,1639,0.21402086317539215,
91,1649,0.2293458729982376,
91,1655,,0.2488003969192505
92,1659,0.20983293652534485,
92,1669,0.1890045553445816,
92,1673,,0.24461807310581207
93,1679,0.19885748624801636,
93,1689,0.19466373324394226,
93,1691,,0.23945268988609314
94,1699,0.18030594289302826,
94,1709,0.19157147407531738,
94,1709,,0.23609384894371033
95,1719,0.20262514054775238,
95,1727,,0.24185943603515625
96,1729,0.19367896020412445,
96,1739,0.25280094146728516,
96,1745,,0.24560624361038208
97,1749,0.18936759233474731,
97,1759,0.22494488954544067,
97,1763,,0.24747136235237122
98,1769,0.18381109833717346,
98,1779,0.17929387092590332,
98,1781,,0.25627005100250244
99,1789,0.16874104738235474,
99,1799,0.19858418405056,
99,1799,,0.24735134840011597
100,1809,0.18996746838092804,
100,1817,,0.236940398812294
101,1819,0.16684839129447937,
101,1829,0.19318872690200806,
101,1835,,0.23465146124362946
102,1839,0.1681702435016632,
102,1849,0.23043972253799438,
102,1853,,0.24995315074920654
103,1859,0.2565839886665344,
103,1869,0.16822552680969238,
103,1871,,0.23390336334705353
104,1879,0.1696469783782959,
104,1889,0.16501390933990479,
104,1889,,0.22365537285804749
105,1899,0.18691495060920715,
105,1907,,0.21701878309249878
106,1909,0.1921291947364807,
106,1919,0.15558047592639923,
106,1925,,0.21360477805137634
107,1929,0.16816312074661255,
107,1939,0.1889287829399109,
107,1943,,0.21552619338035583
108,1949,0.19443665444850922,
108,1959,0.18898840248584747,
108,1961,,0.2152428925037384
109,1969,0.17122644186019897,
109,1979,0.16993990540504456,
109,1979,,0.21356245875358582
110,1989,0.18538185954093933,
110,1997,,0.2073812633752823
111,1999,0.17544642090797424,
111,2009,0.17749224603176117,
111,2015,,0.20536725223064423
112,2019,0.14363139867782593,
112,2029,0.2102549970149994,
112,2033,,0.20439176261425018
113,2039,0.13864433765411377,
113,2049,0.1379915475845337,
113,2051,,0.20187170803546906
114,2059,0.1628132462501526,
114,2069,0.26033130288124084,
114,2069,,0.22472666203975677
115,2079,0.19524750113487244,
115,2087,,0.22473159432411194
116,2089,0.1860843300819397,
116,2099,0.20347744226455688,
116,2105,,0.21289604902267456
117,2109,0.16461063921451569,
117,2119,0.18783193826675415,
117,2123,,0.20262089371681213
118,2129,0.17803829908370972,
118,2139,0.14357462525367737,
118,2141,,0.20065189898014069
119,2149,0.18305933475494385,
119,2159,0.16705159842967987,
119,2159,,0.20958593487739563
120,2169,0.15792140364646912,
120,2177,,0.20327241718769073
121,2179,0.16599830985069275,
121,2189,0.15695855021476746,
121,2195,,0.19498224556446075
122,2199,0.1392918974161148,
122,2209,0.18043416738510132,
122,2213,,0.19795843958854675
123,2219,0.15149740874767303,
123,2229,0.18994051218032837,
123,2231,,0.19366613030433655
124,2239,0.14717286825180054,
124,2249,0.1350257843732834,
124,2249,,0.1909182369709015
125,2259,0.14879511296749115,
125,2267,,0.18626931309700012
126,2269,0.14135031402111053,
126,2279,0.12526291608810425,
126,2285,,0.197175070643425
127,2289,0.18460193276405334,
127,2299,0.16070307791233063,
127,2303,,0.19652721285820007
128,2309,0.1580454558134079,
128,2319,0.18523861467838287,
128,2321,,0.20736156404018402
129,2329,0.15361660718917847,
129,2339,0.15442918241024017,
129,2339,,0.19153745472431183
130,2349,0.13214367628097534,
130,2357,,0.19622206687927246
131,2359,0.16026343405246735,
131,2369,0.14090147614479065,
131,2375,,0.18848325312137604
132,2379,0.1650564819574356,
132,2389,0.1455601155757904,
132,2393,,0.18386298418045044
133,2399,0.15110550820827484,
133,2409,0.13329340517520905,
133,2411,,0.18513086438179016
134,2419,0.16828079521656036,
134,2429,0.13365812599658966,
134,2429,,0.18292228877544403
135,2439,0.14872515201568604,
135,2447,,0.17988114058971405
136,2449,0.14400982856750488,
136,2459,0.1436702311038971,
136,2465,,0.17788010835647583
137,2469,0.16177725791931152,
137,2479,0.14149202406406403,
137,2483,,0.17916986346244812
138,2489,0.12522032856941223,
138,2499,1.0356628894805908,
138,2501,,0.4500536322593689
139,2509,3.978896141052246,
139,2519,2.660245656967163,
139,2519,,0.8472117781639099
140,2529,1.2469100952148438,
140,2537,,0.9721937775611877
141,2539,2.5151801109313965,
141,2549,3.782527446746826,
141,2555,,0.9027612805366516
142,2559,0.8034815788269043,
142,2569,1.3222776651382446,
142,2573,,0.8885960578918457
143,2579,0.8216663599014282,
143,2589,0.7435253262519836,
143,2591,,0.7973668575286865
144,2599,0.7293204069137573,
144,2609,0.7412828803062439,
144,2609,,0.7662934064865112
145,2619,0.6705187559127808,
145,2627,,0.7343537211418152
146,2629,0.6412976980209351,
146,2639,0.6307401657104492,
146,2645,,0.7074035406112671
147,2649,0.6354543566703796,
147,2659,0.6517294049263,
147,2663,,0.6852658987045288
148,2669,0.604311466217041,
148,2679,0.6271467208862305,
148,2681,,0.6663308143615723
149,2689,0.5631637573242188,
149,2699,0.5351523756980896,
149,2699,,0.6496486067771912
150,2709,0.5536712408065796,
150,2717,,0.6327688694000244
151,2719,0.5110164880752563,
151,2729,0.5285688638687134,
151,2735,,0.6157004833221436
152,2739,0.5768465399742126,
152,2749,0.5293661952018738,
152,2753,,0.5959153175354004
153,2759,0.550300121307373,
153,2769,0.49968793988227844,
153,2771,,0.5772841572761536
154,2779,0.5091115236282349,
154,2789,0.469546377658844,
154,2789,,0.5553609728813171
155,2799,0.4732860326766968,
155,2807,,0.5364139676094055
156,2809,0.4355292320251465,
156,2819,0.43017351627349854,
156,2825,,0.5196225047111511
157,2829,0.433707058429718,
157,2839,0.38773801922798157,
157,2843,,0.5024158954620361
158,2849,0.4010999798774719,
158,2859,0.41246914863586426,
158,2861,,0.48834288120269775
159,2869,0.42101502418518066,
159,2879,0.4016927182674408,
159,2879,,0.4722486436367035
160,2889,0.38282954692840576,
160,2897,,0.45786187052726746
161,2899,0.39042311906814575,
161,2909,0.46130821108818054,
161,2915,,0.44322678446769714
162,2919,0.3239498734474182,
162,2929,0.4035418629646301,
162,2933,,0.4287250339984894
163,2939,0.3420264720916748,
163,2949,0.33481884002685547,
163,2951,,0.4151040315628052
164,2959,0.31265562772750854,
164,2969,0.2853267192840576,
164,2969,,0.40280890464782715
165,2979,0.28685101866722107,
165,2987,,0.3920508027076721
166,2989,0.3234822154045105,
166,2999,0.30424946546554565,
166,3005,,0.3805222511291504
167,3009,0.2831135392189026,
167,3019,0.29843220114707947,
167,3023,,0.37137165665626526
168,3029,0.35220861434936523,
168,3039,0.2985881567001343,
168,3041,,0.36041438579559326
169,3049,0.2930282950401306,
169,3059,0.2750968337059021,
169,3059,,0.35107624530792236
170,3069,0.29400044679641724,
170,3077,,0.3421861231327057
171,3079,0.2686914801597595,
171,3089,0.27423086762428284,
171,3095,,0.3331697881221771
172,3099,0.2504255175590515,
172,3109,0.26179951429367065,
172,3113,,0.325145423412323
173,3119,0.22644945979118347,
173,3129,0.21381819248199463,
173,3131,,0.31827253103256226
174,3139,0.2373400330543518,
174,3149,0.2913975417613983,
174,3149,,0.3117343783378601
175,3159,0.21933171153068542,
175,3167,,0.3063559830188751
176,3169,0.3025364279747009,
176,3179,0.24584001302719116,
176,3185,,0.30088213086128235
177,3189,0.26669877767562866,
177,3199,0.2369769811630249,
177,3203,,0.2948198914527893
178,3209,0.22856947779655457,
178,3219,0.26067355275154114,
178,3221,,0.29020941257476807
179,3229,0.24091768264770508,
179,3239,0.2130322903394699,
179,3239,,0.28615713119506836
180,3249,0.30763494968414307,
180,3257,,0.2832200825214386
181,3259,0.21988250315189362,
181,3269,0.23663952946662903,
181,3275,,0.2795442044734955
182,3279,0.21749749779701233,
182,3289,0.2060624659061432,
182,3293,,0.27539172768592834
183,3299,0.22744077444076538,
183,3309,0.2047996073961258,
183,3311,,0.2722426950931549
184,3319,0.19791147112846375,
184,3329,0.20357239246368408,
184,3329,,0.2691207528114319
185,3339,0.2758049964904785,
185,3347,,0.26721805334091187
186,3349,0.19892579317092896,
186,3359,0.22961896657943726,
186,3365,,0.26468783617019653
187,3369,0.21763865649700165,
187,3379,0.22100307047367096,
187,3383,,0.2615271210670471
188,3389,0.20077142119407654,
188,3399,0.22205691039562225,
188,3401,,0.2595050632953644
189,3409,0.22640350461006165,
189,3419,0.21383075416088104,
189,3419,,0.2578210234642029
190,3429,0.20018908381462097,
190,3437,,0.25504252314567566
191,3439,0.22624114155769348,
191,3449,0.23066365718841553,
191,3455,,0.2525213658809662
192,3459,0.1717335730791092,
192,3469,0.17739227414131165,
192,3473,,0.25199851393699646
193,3479,0.1949286311864853,
193,3489,0.22148500382900238,
193,3491,,0.25635460019111633
194,3499,0.20605868101119995,
194,3509,0.3166491985321045,
194,3509,,0.27087390422821045
195,3519,0.25463634729385376,
195,3527,,0.251436710357666
196,3529,0.19562602043151855,
196,3539,0.17017988860607147,
196,3545,,0.2473732978105545
197,3549,0.20231983065605164,
197,3559,0.15885689854621887,
197,3563,,0.2443998157978058
198,3569,0.1822769194841385,
198,3579,0.22741124033927917,
198,3581,,0.2422623485326767
199,3589,0.18180778622627258,
199,3599,0.19778068363666534,
199,3599,,0.23976528644561768
200,3609,0.2722792625427246,
200,3617,,0.24043522775173187
201,3619,0.17769989371299744,
201,3629,0.17978522181510925,
201,3635,,0.23686696588993073
202,3639,0.1689479500055313,
202,3649,0.21421019732952118,
202,3653,,0.23380303382873535
203,3659,0.164133220911026,
203,3669,0.22308237850666046,
203,3671,,0.23230800032615662
204,3679,0.17051701247692108,
204,3689,0.1673879623413086,
204,3689,,0.2314976006746292
205,3699,0.21494455635547638,
205,3707,,0.22858700156211853
206,3709,0.24357375502586365,
206,3719,0.18283697962760925,
206,3725,,0.22703780233860016
207,3729,0.16517457365989685,
207,3739,0.18343256413936615,
207,3743,,0.22545821964740753
208,3749,0.2034294605255127,
208,3759,0.16752855479717255,
208,3761,,0.2291795015335083
209,3769,0.1796078234910965,
209,3779,0.20635215938091278,
209,3779,,0.26656344532966614
210,3789,0.2756314277648926,
210,3797,,0.3543456494808197
211,3799,0.2859954833984375,
211,3809,0.22298382222652435,
211,3815,,0.28452154994010925
212,3819,0.2536041736602783,
212,3829,0.17692351341247559,
212,3833,,0.2516040503978729
213,3839,0.25182148814201355,
213,3849,0.18119637668132782,
213,3851,,0.23869161307811737
214,3859,0.18665869534015656,
214,3869,0.1801859587430954,
214,3869,,0.2328716367483139
215,3879,0.1917382776737213,
215,3887,,0.22884301841259003
216,3889,0.17010468244552612,
216,3899,0.17425063252449036,
216,3905,,0.22724880278110504
217,3909,0.17484991252422333,
217,3919,0.21368537843227386,
217,3923,,0.22357802093029022
218,3929,0.18924136459827423,
218,3939,0.15529881417751312,
218,3941,,0.2221211940050125
219,3949,0.18885883688926697,
219,3959,0.1478230506181717,
219,3959,,0.21970506012439728
220,3969,0.1643015295267105,
220,3977,,0.21842871606349945
221,3979,0.1611960232257843,
221,3989,0.15705789625644684,
221,3995,,0.21764889359474182
222,3999,0.15841004252433777,
222,4009,0.15407028794288635,
222,4013,,0.2143845111131668
223,4019,0.16296595335006714,
223,4029,0.1490406095981598,
223,4031,,0.212652787566185
224,4039,0.17297935485839844,
224,4049,0.13841351866722107,
224,4049,,0.21195080876350403
225,4059,0.1935926079750061,
225,4067,,0.21107454597949982
226,4069,0.15543323755264282,
226,4079,0.14237269759178162,
226,4085,,0.20856179296970367
227,4089,0.20681390166282654,
227,4099,0.16622662544250488,
227,4103,,0.20813237130641937
228,4109,0.16498525440692902,
228,4119,0.1831258237361908,
228,4121,,0.20879460871219635
229,4129,0.15437966585159302,
229,4139,0.17771105468273163,
229,4139,,0.20559541881084442
230,4149,0.15924131870269775,
230,4157,,0.20469148457050323
231,4159,0.16112208366394043,
231,4169,0.1538732647895813,
231,4175,,0.20303265750408173
232,4179,0.21217598021030426,
232,4189,0.16210335493087769,
232,4193,,0.20285601913928986
233,4199,0.14092722535133362,
233,4209,0.1785702407360077,
233,4211,,0.20161888003349304
234,4219,0.1427733302116394,
234,4229,0.15632009506225586,
234,4229,,0.2003374695777893
235,4239,0.15407246351242065,
235,4247,,0.2013082057237625
236,4249,0.1352333426475525,
236,4259,0.14004336297512054,
236,4265,,0.20048949122428894
237,4269,0.15958110988140106,
237,4279,0.1473742425441742,
237,4283,,0.19769641757011414
238,4289,0.15360403060913086,
238,4299,0.1439765840768814,
238,4301,,0.19742633402347565
239,4309,0.16649934649467468,
239,4319,0.21052055060863495,
239,4319,,0.1952200084924698
240,4329,0.14646926522254944,
240,4337,,0.22068291902542114
241,4339,0.1929389238357544,
241,4349,0.2674412429332733,
241,4355,,0.23362214863300323
242,4359,0.3121037483215332,
242,4369,0.1953130066394806,
242,4373,,0.22474032640457153
243,4379,0.2202165126800537,
243,4389,0.17422187328338623,
243,4391,,0.20717781782150269
244,4399,0.14648425579071045,
244,4409,0.13640394806861877,
244,4409,,0.20201082527637482
245,4419,0.15163609385490417,
245,4427,,0.19862113893032074
246,4429,0.17646750807762146,
246,4439,0.1477716565132141,
246,4445,,0.19631604850292206
247,4449,0.12869156897068024,
247,4459,0.1736748218536377,
247,4463,,0.1964007019996643
248,4469,0.16212162375450134,
248,4479,0.1895740032196045,
248,4481,,0.19400636851787567
249,4489,0.14190417528152466,
249,4499,0.1288335770368576,
249,4499,,0.1927979439496994
250,4509,0.14751538634300232,
250,4517,,0.19308508932590485
251,4519,0.1516740769147873,
251,4529,0.12341947853565216,
251,4535,,0.18976037204265594
252,4539,0.12959147989749908,
252,4549,0.12789177894592285,
252,4553,,0.18991895020008087
253,4559,0.13693846762180328,
253,4569,0.14454451203346252,
253,4571,,0.18843454122543335
254,4579,0.14599663019180298,
254,4589,0.14674225449562073,
254,4589,,0.18862253427505493
255,4599,0.1670706570148468,
255,4607,,0.18848031759262085
256,4609,0.1469498872756958,
256,4619,0.13849376142024994,
256,4625,,0.1906311810016632
257,4629,0.26262223720550537,
257,4639,0.3361245095729828,
257,4643,,0.20132189989089966
258,4649,0.1562412679195404,
258,4659,0.12739674746990204,
258,4661,,0.19239550828933716
259,4669,0.11818426847457886,
259,4679,0.11898484081029892,
259,4679,,0.19289281964302063
260,4689,0.18825633823871613,
260,4697,,0.18701469898223877
261,4699,0.13124080002307892,
261,4709,0.15156486630439758,
261,4715,,0.18564091622829437
262,4719,0.1319827139377594,
262,4729,0.13193379342556,
262,4733,,0.1850525438785553
263,4739,0.1262722611427307,
263,4749,0.13047033548355103,
263,4751,,0.18349766731262207
264,4759,0.13562750816345215,
264,4769,0.16635163128376007,
264,4769,,0.18638859689235687
265,4779,0.13298378884792328,
265,4787,,0.18258674442768097
266,4789,0.13843601942062378,
266,4799,0.1374654471874237,
266,4805,,0.181440532207489
267,4809,0.1349501609802246,
267,4819,0.14613497257232666,
267,4823,,0.1807146668434143
268,4829,0.14168304204940796,
268,4839,0.12914930284023285,
268,4841,,0.1791868954896927
269,4849,0.14523890614509583,
269,4859,0.141475647687912,
269,4859,,0.17773354053497314
270,4869,0.1397957056760788,
270,4877,,0.18002252280712128
271,4879,0.1239742562174797,
271,4889,0.18810123205184937,
271,4895,,0.17658329010009766
272,4899,0.1375230848789215,
272,4909,0.13608059287071228,
272,4913,,0.17640134692192078
273,4919,0.12621526420116425,
273,4929,0.15244340896606445,
273,4931,,0.18274308741092682
274,4939,0.1628352552652359,
274,4949,0.1345132440328598,
274,4949,,0.17881439626216888
275,4959,0.13346371054649353,
275,4967,,0.17464804649353027
276,4969,0.12749004364013672,
276,4979,0.16846032440662384,
276,4985,,0.17504248023033142
277,4989,0.12940020859241486,
277,4999,0.11220860481262207,
277,5003,,0.17842602729797363
278,5009,0.12343730032444,
278,5019,0.17391526699066162,
278,5021,,0.17306211590766907
279,5029,0.14083591103553772,
279,5039,0.2166501134634018,
279,5039,,0.18095196783542633
280,5049,0.11801615357398987,
280,5057,,0.17775389552116394
281,5059,0.13370496034622192,
281,5069,0.18469227850437164,
281,5075,,0.18686962127685547
282,5079,0.15979629755020142,
282,5089,0.1511181890964508,
282,5093,,0.185129776597023
283,5099,0.16129067540168762,
283,5109,0.18503105640411377,
283,5111,,0.17687349021434784
284,5119,0.1504351794719696,
284,5129,0.12640604376792908,
284,5129,,0.17420516908168793
285,5139,0.12215732038021088,
285,5147,,0.17285723984241486
286,5149,0.10847578942775726,
286,5159,0.1379459947347641,
286,5165,,0.17056281864643097
287,5169,0.1304926723241806,
287,5179,0.14863023161888123,
287,5183,,0.17057105898857117
288,5189,0.11196546256542206,
288,5199,0.12953594326972961,
288,5201,,0.16839180886745453
289,5209,0.11649619042873383,
289,5219,0.15433068573474884,
289,5219,,0.1690090298652649
290,5229,0.12028110027313232,
290,5237,,0.16936160624027252
291,5239,0.1191055178642273,
291,5249,0.12062689661979675,
291,5255,,0.17121785879135132
292,5259,0.13275828957557678,
292,5269,0.1370914876461029,
292,5273,,0.16966646909713745
293,5279,0.15535660088062286,
293,5289,0.13307270407676697,
293,5291,,0.17550711333751678
294,5299,0.11963408440351486,
294,5309,0.11769077926874161,
294,5309,,0.16839265823364258
295,5319,0.13142484426498413,
295,5327,,0.16660434007644653
296,5329,0.12356811761856079,
296,5339,0.11010155081748962,
296,5345,,0.16693368554115295
297,5349,0.12917767465114594,
297,5359,0.12724587321281433,
297,5363,,0.16456976532936096
298,5369,0.12253350764513016,
298,5379,0.1130550429224968,
298,5381,,0.16434375941753387
299,5389,0.15553250908851624,
299,5399,0.1136486753821373,
299,5399,,0.16335926949977875
300,5409,0.14731840789318085,
300,5417,,0.16257618367671967
301,5419,0.13748928904533386,
301,5429,0.10905720293521881,
301,5435,,0.16633786261081696
302,5439,0.13052257895469666,
302,5449,0.15040750801563263,
302,5453,,0.1687365025281906
303,5459,0.1272411048412323,
303,5469,0.11820060014724731,
303,5471,,0.1704719066619873
304,5479,0.11338275671005249,
304,5489,0.14176934957504272,
304,5489,,0.16483794152736664
305,5499,0.11935650557279587,
305,5507,,0.16439759731292725
306,5509,0.16664466261863708,
306,5519,0.10815230756998062,
306,5525,,0.1635047197341919
307,5529,0.11953803151845932,
307,5539,0.12155798077583313,
307,5543,,0.16348038613796234
308,5549,0.10449112206697464,
308,5559,0.13733133673667908,
308,5561,,0.18047787249088287
309,5569,0.14032940566539764,
309,5579,0.12390901893377304,
309,5579,,0.1752893328666687
310,5589,0.17345401644706726,
310,5597,,0.1680508702993393
311,5599,0.1226278692483902,
311,5609,0.1261282116174698,
311,5615,,0.16114526987075806
312,5619,0.12102408707141876,
312,5629,0.11433737725019455,
312,5633,,0.1656644642353058
313,5639,0.1175624206662178,
313,5649,0.10905443131923676,
313,5651,,0.16288046538829803
314,5659,0.13295096158981323,
314,5669,0.11788004636764526,
314,5669,,0.1591828465461731
315,5679,0.10253436118364334,
315,5687,,0.15788696706295013
316,5689,0.10860444605350494,
316,5699,0.1088540256023407,
316,5705,,0.15886785089969635
317,5709,0.10266943275928497,
317,5719,0.1457633376121521,
317,5723,,0.15838100016117096
318,5729,0.12077459692955017,
318,5739,0.12263529002666473,
318,5741,,0.15727080404758453
319,5749,0.10829193145036697,
319,5759,0.13845781981945038,
319,5759,,0.1559157520532608
320,5769,0.102580726146698,
320,5777,,0.1545208990573883
321,5779,0.11294054985046387,
321,5789,0.12146574258804321,
321,5795,,0.15280362963676453
322,5799,0.10761047899723053,
322,5809,0.13338671624660492,
322,5813,,0.1519356518983841
323,5819,0.12131400406360626,
323,5829,0.13759483397006989,
323,5831,,0.15624308586120605
324,5839,0.12479377537965775,
324,5849,0.1307932585477829,
324,5849,,0.15808065235614777
325,5859,0.12644405663013458,
325,5867,,0.16583192348480225
326,5869,0.14587543904781342,
326,5879,0.1536981463432312,
326,5885,,0.17105844616889954
327,5889,0.1324184387922287,
327,5899,0.18730220198631287,
327,5903,,0.1678275763988495
328,5909,0.10702396929264069,
328,5919,0.12321196496486664,
328,5921,,0.15402308106422424
329,5929,0.10364703834056854,
329,5939,0.11457216739654541,
329,5939,,0.15298126637935638
330,5949,0.11146314442157745,
330,5957,,0.15273475646972656
331,5959,0.10569681227207184,
331,5969,0.10267481207847595,
331,5975,,0.1517786681652069
332,5979,0.13298192620277405,
332,5989,0.10571010410785675,
332,5993,,0.15172934532165527
333,5999,0.11503355205059052,
333,6009,0.11888642609119415,
333,6011,,0.14969424903392792
334,6019,0.09460620582103729,
334,6029,0.12387222051620483,
334,6029,,0.16000619530677795
335,6039,0.10124814510345459,
335,6047,,0.1510702669620514
336,6049,0.10805892199277878,
336,6059,0.11668659746646881,
336,6065,,0.1477302610874176
337,6069,0.10442177951335907,
337,6079,0.09120535105466843,
337,6083,,0.14836522936820984
338,6089,0.10452062636613846,
338,6099,0.11889916658401489,
338,6101,,0.14756475389003754
339,6109,0.11615456640720367,
339,6119,0.1264963448047638,
339,6119,,0.14680121839046478
340,6129,0.10258603096008301,
340,6137,,0.1481165885925293
341,6139,0.09702229499816895,
341,6149,0.11587740480899811,
341,6155,,0.16576793789863586
342,6159,0.30753594636917114,
342,6169,0.7078859806060791,
342,6173,,0.7887267470359802
343,6179,0.41026270389556885,
343,6189,0.344723105430603,
343,6191,,0.35966962575912476
344,6199,0.36571624875068665,
344,6209,0.2660100758075714,
344,6209,,0.2669667601585388
345,6219,0.20959529280662537,
345,6227,,0.21761877834796906
346,6229,0.16055633127689362,
346,6239,0.14373376965522766,
346,6245,,0.19166117906570435
347,6249,0.15699619054794312,
347,6259,0.13566650450229645,
347,6263,,0.17499087750911713
348,6269,0.16883303225040436,
348,6279,0.1733884960412979,
348,6281,,0.16998979449272156
349,6289,0.12601928412914276,
349,6299,0.11967679113149643,
349,6299,,0.16254372894763947
350,6309,0.15662655234336853,
350,6317,,0.1614568829536438
351,6319,0.1207788735628128,
351,6329,0.12655358016490936,
351,6335,,0.15679815411567688
352,6339,0.09852301329374313,
352,6349,0.13529206812381744,
352,6353,,0.15597102046012878
353,6359,0.10435494780540466,
353,6369,0.11277319490909576,
353,6371,,0.15355899930000305
354,6379,0.1111188605427742,
354,6389,0.099192775785923,
354,6389,,0.15082921087741852
355,6399,0.15099036693572998,
355,6407,,0.15034614503383636
356,6409,0.14088910818099976,
356,6419,0.10448327660560608,
356,6425,,0.15132924914360046
357,6429,0.10806666314601898,
357,6439,0.115333691239357,
357,6443,,0.15230336785316467
358,6449,0.1025790423154831,
358,6459,0.10927437245845795,
358,6461,,0.14955967664718628
359,6469,0.12416049838066101,
359,6479,0.13487951457500458,
359,6479,,0.1478043645620346
360,6489,0.13220486044883728,
360,6497,,0.14800472557544708
361,6499,0.13347269594669342,
361,6509,0.1283576786518097,
361,6515,,0.1469976305961609
362,6519,0.1431938260793686,
362,6529,0.13616493344306946,
362,6533,,0.21957841515541077
363,6539,0.2049056589603424,
363,6549,0.16125205159187317,
363,6551,,0.18589100241661072
364,6559,0.12871183454990387,
364,6569,0.12975795567035675,
364,6569,,0.1623099446296692
365,6579,0.10065339505672455,
365,6587,,0.15524569153785706
366,6589,0.1087198406457901,
366,6599,0.08772734552621841,
366,6605,,0.15238060057163239
367,6609,0.1456540822982788,
367,6619,0.11110657453536987,
367,6623,,0.14839522540569305
368,6629,0.09506119787693024,
368,6639,0.0972382202744484,
368,6641,,0.14654111862182617
369,6649,0.11060228198766708,
369,6659,0.09979261457920074,
369,6659,,0.14846038818359375
370,6669,0.10571856051683426,
370,6677,,0.14436207711696625
371,6679,0.09962758421897888,
371,6689,0.09445914626121521,
371,6695,,0.14522399008274078
372,6699,0.11633315682411194,
372,6709,0.10160839557647705,
372,6713,,0.14345893263816833
373,6719,0.10154733806848526,
373,6729,0.12034567445516586,
373,6731,,0.14398209750652313
374,6739,0.10343638062477112,
374,6749,0.11299233883619308,
374,6749,,0.14477908611297607
375,6759,0.09323494136333466,
375,6767,,0.14401313662528992
376,6769,0.10083085298538208,
376,6779,0.08869966864585876,
376,6785,,0.14384613931179047
377,6789,0.12998636066913605,
377,6799,0.12012604624032974,
377,6803,,0.14602309465408325
378,6809,0.1580764651298523,
378,6819,0.10394425690174103,
378,6821,,0.14501522481441498
379,6829,0.09373332560062408,
379,6839,0.10393688827753067,
379,6839,,0.14040827751159668
380,6849,0.10697629302740097,
380,6857,,0.13963481783866882
381,6859,0.08729949593544006,
381,6869,0.10975396633148193,
381,6875,,0.1390119045972824
382,6879,0.09984883666038513,
382,6889,0.13032735884189606,
382,6893,,0.14413823187351227
383,6899,0.08609063178300858,
383,6909,0.13514426350593567,
383,6911,,0.13944335281848907
384,6919,0.08842214941978455,
384,6929,0.08716360479593277,
384,6929,,0.1373826265335083
385,6939,0.09267914295196533,
385,6947,,0.13697698712348938
386,6949,0.11554966866970062,
386,6959,0.10694234073162079,
386,6965,,0.15634506940841675
387,6969,0.12526246905326843,
387,6979,0.14629092812538147,
387,6983,,0.16516636312007904
388,6989,2.656740665435791,
388,6999,0.6158188581466675,
388,7001,,0.6648069620132446
389,7009,0.6547134518623352,
389,7019,7.907286167144775,
389,7019,,0.7540051341056824
390,7029,1.91217041015625,
390,7037,,0.5791655778884888
391,7039,0.4661180078983307,
391,7049,0.5958757996559143,
391,7055,,0.4419902265071869
392,7059,0.3498077988624573,
392,7069,0.3413947820663452,
392,7073,,0.35773715376853943
393,7079,0.3038604259490967,
393,7089,0.24130767583847046,
393,7091,,0.31875720620155334
394,7099,0.2393060028553009,
394,7109,0.22698943316936493,
394,7109,,0.2874133586883545
395,7119,0.2218962013721466,
395,7127,,0.26606127619743347
396,7129,0.18686985969543457,
396,7139,0.18536508083343506,
396,7145,,0.24944192171096802
397,7149,0.2066536396741867,
397,7159,0.21146491169929504,
397,7163,,0.2347302883863449
398,7169,0.1578252911567688,
398,7179,0.16435283422470093,
398,7181,,0.2239563763141632
399,7189,0.16873401403427124,
399,7199,0.14727476239204407,
399,7199,,0.21695278584957123
400,7209,0.15188631415367126,
400,7217,,0.208678737282753
401,7219,0.17544391751289368,
401,7229,0.14396055042743683,
401,7235,,0.20349189639091492
402,7239,0.15881873667240143,
402,7249,0.1558336317539215,
402,7253,,0.1960073858499527
403,7259,0.15526996552944183,
403,7269,0.1448289453983307,
403,7271,,0.19329722225666046
404,7279,0.21739643812179565,
404,7289,0.13678832352161407,
404,7289,,0.18797609210014343
405,7299,0.1289166659116745,
405,7307,,0.18580655753612518
406,7309,0.1491580456495285,
406,7319,0.18343256413936615,
406,7325,,0.18096984922885895
407,7329,0.13382472097873688,
407,7339,0.12004288285970688,
407,7343,,0.17956092953681946
408,7349,0.1670374572277069,
408,7359,0.15902504324913025,
408,7361,,0.1756984442472458
409,7369,0.16185419261455536,
409,7379,0.12043358385562897,
409,7379,,0.17351581156253815
410,7389,0.14822106063365936,
410,7397,,0.17154523730278015
411,7399,0.12989890575408936,
411,7409,0.1289491206407547,
411,7415,,0.1684228479862213
412,7419,0.11544811725616455,
412,7429,0.136974036693573,
412,7433,,0.16744615137577057
413,7439,0.17760559916496277,
413,7449,0.13228502869606018,
413,7451,,0.17531710863113403
414,7459,0.1132664829492569,
414,7469,0.3856515884399414,
414,7469,,0.2336808294057846
415,7479,0.39056721329689026,
415,7487,,0.31651291251182556
416,7489,0.19546924531459808,
416,7499,0.2751998007297516,
416,7505,,0.23815001547336578
417,7509,0.18673041462898254,
417,7519,0.15048623085021973,
417,7523,,0.20101144909858704
418,7529,0.14813905954360962,
418,7539,0.14505605399608612,
418,7541,,0.18520525097846985
419,7549,0.12980906665325165,
419,7559,0.1594209522008896,
419,7559,,0.17695415019989014
420,7569,0.13154162466526031,
420,7577,,0.17236699163913727
421,7579,0.12602414190769196,
421,7589,0.1317005157470703,
421,7595,,0.1682462841272354
422,7599,0.13308334350585938,
422,7609,0.1457788348197937,
422,7613,,0.16457127034664154
423,7619,0.15572623908519745,
423,7629,0.10328781604766846,
423,7631,,0.16230815649032593
424,7639,0.12534314393997192,
424,7649,0.1390892118215561,
424,7649,,0.16026654839515686
425,7659,0.12481077760457993,
425,7667,,0.1596863865852356
426,7669,0.09775351732969284,
426,7679,0.10584365576505661,
426,7685,,0.15688681602478027
427,7689,0.13516974449157715,
427,7699,0.13483284413814545,
427,7703,,0.15533319115638733
428,7709,0.11035409569740295,
428,7719,0.11181905120611191,
428,7721,,0.15715909004211426
429,7729,0.12655508518218994,
429,7739,0.12107370048761368,
429,7739,,0.1703377366065979
430,7749,0.15557950735092163,
430,7757,,0.16897980868816376
431,7759,0.1552899181842804,
431,7769,0.10884983092546463,
431,7775,,0.16273564100265503
432,7779,0.13635440170764923,
432,7789,0.101411372423172,
432,7793,,0.15753649175167084
433,7799,0.122027188539505,
433,7809,0.10859020054340363,
433,7811,,0.15514659881591797
434,7819,0.11246234178543091,
434,7829,0.11529447883367538,
434,7829,,0.15457898378372192
435,7839,0.10506455600261688,
435,7847,,0.1512957364320755
436,7849,0.11123479902744293,
436,7859,0.09395471215248108,
436,7865,,0.14965958893299103
437,7869,0.10101693868637085,
437,7879,0.11505874991416931,
437,7883,,0.148698091506958
438,7889,0.10855910181999207,
438,7899,0.11106014251708984,
438,7901,,0.14787930250167847
439,7909,0.14413908123970032,
439,7919,0.09940224885940552,
439,7919,,0.1477268487215042
440,7929,0.14154201745986938,
440,7937,,0.1564904749393463
441,7939,0.1018652394413948,
441,7949,0.12510009109973907,
441,7955,,0.1538969874382019
442,7959,0.09251542389392853,
442,7969,0.10919122397899628,
442,7973,,0.1527460813522339
443,7979,0.10281719267368317,
443,7989,0.10952864587306976,
443,7991,,0.14787231385707855
444,7999,0.11823692917823792,
444,8009,0.18195687234401703,
444,8009,,0.14826703071594238
445,8019,0.10581700503826141,
445,8027,,0.14638803899288177
446,8029,0.09398362040519714,
446,8039,0.09003646671772003,
446,8045,,0.1433020532131195
447,8049,0.10165545344352722,
447,8059,0.0964323878288269,
447,8063,,0.14219465851783752
448,8069,0.11413756757974625,
448,8079,0.0944681242108345,
448,8081,,0.14101700484752655
449,8089,0.1371081918478012,
449,8099,0.09035239368677139,
449,8099,,0.14138178527355194
450,8109,0.11515676230192184,
450,8117,,0.1401992291212082
451,8119,0.11221708357334137,
451,8129,0.09741777181625366,
451,8135,,0.14093992114067078
452,8139,0.10386092960834503,
452,8149,0.09706594049930573,
452,8153,,0.14192116260528564
453,8159,0.18901753425598145,
453,8169,0.2255454808473587,
453,8171,,0.1513388603925705
454,8179,0.1101846992969513,
454,8189,0.21059802174568176,
454,8189,,0.16031436622142792
455,8199,0.1991255283355713,
455,8207,,0.15964095294475555
456,8209,0.29995208978652954,
456,8219,0.19811731576919556,
456,8225,,0.1611209213733673
457,8229,0.11554934084415436,
457,8239,0.1019437238574028,
457,8243,,0.15177573263645172
458,8249,0.1350913643836975,
458,8259,0.09745357930660248,
458,8261,,0.14556217193603516
459,8269,0.1127188503742218,
459,8279,0.09420271217823029,
459,8279,,0.14334972202777863
460,8289,0.09285283833742142,
460,8297,,0.14261823892593384
461,8299,0.08781704306602478,
461,8309,0.10274410247802734,
461,8315,,0.13959740102291107
462,8319,0.10060436278581619,
462,8329,0.10279959440231323,
462,8333,,0.13788984715938568
463,8339,0.14257226884365082,
463,8349,0.13335108757019043,
463,8351,,0.13750045001506805
464,8359,0.12474462389945984,
464,8369,0.11234362423419952,
464,8369,,0.13786645233631134
465,8379,0.11860714107751846,
465,8387,,0.1371619701385498
466,8389,0.14666616916656494,
466,8399,0.14738436043262482,
466,8405,,0.137885183095932
467,8409,0.11741484701633453,
467,8419,0.12733864784240723,
467,8423,,0.14096404612064362
468,8429,0.0976099967956543,
468,8439,0.11262994259595871,
468,8441,,0.1393633633852005
469,8449,0.08275522291660309,
469,8459,0.09222587198019028,
469,8459,,0.13658641278743744
470,8469,0.09421983361244202,
470,8477,,0.1350303441286087
471,8479,0.09010407328605652,
471,8489,0.117971271276474,
471,8495,,0.13391849398612976
472,8499,0.13088460266590118,
472,8509,0.09563647955656052,
472,8513,,0.13360145688056946
473,8519,0.11277582496404648,
473,8529,0.08745796233415604,
473,8531,,0.13631950318813324
474,8539,0.11265696585178375,
474,8549,0.11417964845895767,
474,8549,,0.13347391784191132
475,8559,0.08585526049137115,
475,8567,,0.13052402436733246
476,8569,0.08930040150880814,
476,8579,0.10457856953144073,
476,8585,,0.13603933155536652
477,8589,0.12326077371835709,
477,8599,0.10539708286523819,
477,8603,,0.13569356501102448
478,8609,0.1298801600933075,
478,8619,0.08936639130115509,
478,8621,,0.13850298523902893
479,8629,0.08428683876991272,
479,8639,0.13894937932491302,
479,8639,,0.13983634114265442
480,8649,0.10963068902492523,
480,8657,,0.13498802483081818
481,8659,0.1128714308142662,
481,8669,0.11937449872493744,
481,8675,,0.13568513095378876
482,8679,0.09125687181949615,
482,8689,0.09858457744121552,
482,8693,,0.13281552493572235
483,8699,0.13578198850154877,
483,8709,0.09037593007087708,
483,8711,,0.13234856724739075
484,8719,0.08319681137800217,
484,8729,0.09314589947462082,
484,8729,,0.1318790167570114
485,8739,0.12249165773391724,
485,8747,,0.1343521624803543
486,8749,0.09295614063739777,
486,8759,0.12326055765151978,
486,8765,,0.1380990445613861
487,8769,0.12264523655176163,
487,8779,0.09934832900762558,
487,8783,,0.1364448368549347
488,8789,0.07948688417673111,
488,8799,0.08416124433279037,
488,8801,,0.13109149038791656
489,8809,0.08356060087680817,
489,8819,0.07716096937656403,
489,8819,,0.1301179975271225
490,8829,0.11636286973953247,
490,8837,,0.13020339608192444
491,8839,0.09536808729171753,
491,8849,0.08551087975502014,
491,8855,,0.1287819743156433
492,8859,0.11127244681119919,
492,8869,0.11186689138412476,
492,8873,,0.1285853087902069
493,8879,0.09005162119865417,
493,8889,0.09123622626066208,
493,8891,,0.12673519551753998
494,8899,0.08969593793153763,
494,8909,0.08967999368906021,
494,8909,,0.1253904551267624
495,8919,0.09363296627998352,
495,8927,,0.12500706315040588
496,8929,0.10410337150096893,
496,8939,0.07688917964696884,
496,8945,,0.1269024759531021
497,8949,0.1079932153224945,
497,8959,0.6910210847854614,
497,8963,,0.19592776894569397
498,8969,0.19884568452835083,
498,8979,0.7044349908828735,
498,8981,,1.0431963205337524
499,8989,1.916915774345398,
499,8999,0.7579658627510071,
499,8999,,0.8617815971374512
500,9009,0.7276762127876282,
500,9017,,0.627488911151886
501,9019,0.5495001077651978,
501,9029,0.4967072904109955,
501,9035,,0.47787636518478394
502,9039,0.3944316506385803,
502,9049,0.3011341094970703,
502,9053,,0.3744504749774933
503,9059,0.3544923663139343,
503,9069,0.26090505719184875,
503,9071,,0.31497833132743835
504,9079,0.22593243420124054,
504,9089,0.2140890657901764,
504,9089,,0.2833632826805115
505,9099,0.25404471158981323,
505,9107,,0.2620662450790405
506,9109,0.1776811182498932,
506,9119,0.20138844847679138,
506,9125,,0.24628806114196777
507,9129,0.1979747712612152,
507,9139,0.18904820084571838,
507,9143,,0.2339937388896942
508,9149,0.16997383534908295,
508,9159,0.16954036056995392,
508,9161,,0.22165556252002716
509,9169,0.17937389016151428,
509,9179,0.15132014453411102,
509,9179,,0.21287064254283905
510,9189,0.1356363594532013,
510,9197,,0.20563054084777832
511,9199,0.1484668105840683,
511,9209,0.14507560431957245,
511,9215,,0.19904130697250366
512,9219,0.17173215746879578,
512,9229,0.13106369972229004,
512,9233,,0.19262667000293732
513,9239,0.14105984568595886,
513,9249,0.1317310929298401,
513,9251,,0.1864999383687973
514,9259,0.14518073201179504,
514,9269,0.15087337791919708,
514,9269,,0.18210197985172272
515,9279,0.16341851651668549,
515,9287,,0.1785198152065277
516,9289,0.14299878478050232,
516,9299,0.1758371889591217,
516,9305,,0.18125614523887634
517,9309,0.14642399549484253,
517,9319,0.21315163373947144,
517,9323,,0.1823868602514267
518,9329,0.12686975300312042,
518,9339,0.16200938820838928,
518,9341,,0.1750262826681137
519,9349,0.19099248945713043,
519,9359,0.15812650322914124,
519,9359,,0.17348849773406982
520,9369,0.11392470449209213,
520,9377,,0.16753637790679932
521,9379,0.11751337349414825,
521,9389,0.12712137401103973,
521,9395,,0.16480021178722382
522,9399,0.11956518888473511,
522,9409,0.12034492939710617,
522,9413,,0.16343265771865845
523,9419,0.11932061612606049,
523,9429,0.1229059025645256,
523,9431,,0.16180656850337982
524,9439,0.13561409711837769,
524,9449,0.10220681875944138,
524,9449,,0.15975035727024078
525,9459,0.1388610154390335,
525,9467,,0.15885700285434723
526,9469,0.13360147178173065,
526,9479,0.13684794306755066,
526,9485,,0.15879344940185547
527,9489,0.21961407363414764,
527,9499,0.10008415579795837,
527,9503,,0.1582060009241104
528,9509,0.11672896146774292,
528,9519,0.12303922325372696,
528,9521,,0.15573620796203613
529,9529,0.10482339560985565,
529,9539,0.12100774049758911,
529,9539,,0.15484867990016937
530,9549,0.12557323276996613,
530,9557,,0.15185211598873138
531,9559,0.10944865643978119,
531,9569,0.10081720352172852,
531,9575,,0.15049968659877777
532,9579,0.11020369827747345,
532,9589,0.11426524817943573,
532,9593,,0.1484469175338745
533,9599,0.11707302927970886,
533,9609,0.10998483002185822,
533,9611,,0.14923903346061707
534,9619,0.1052808165550232,
534,9629,0.09885687381029129,
534,9629,,0.1476975530385971
535,9639,0.09982609748840332,
535,9647,,0.14571353793144226
536,9649,0.13649047911167145,
536,9659,0.12679293751716614,
536,9665,,0.14442697167396545
537,9669,0.10971631109714508,
537,9679,0.0969131737947464,
537,9683,,0.14436958730220795
538,9689,0.09547451138496399,
538,9699,0.1317150592803955,
538,9701,,0.14423003792762756
539,9709,0.09196004271507263,
539,9719,0.11896248906850815,
539,9719,,0.1428856998682022
540,9729,0.10595422983169556,
540,9737,,0.1418013721704483
541,9739,0.10465088486671448,
541,9749,0.10739944875240326,
541,9755,,0.14334264397621155
542,9759,0.17487451434135437,
542,9769,0.09159955382347107,
542,9773,,0.14472098648548126
543,9779,0.09341771900653839,
543,9789,0.11554081737995148,
543,9791,,0.14625969529151917
544,9799,0.10368233919143677,
544,9809,0.12158630043268204,
544,9809,,0.14284659922122955
545,9819,0.09206975996494293,
545,9827,,0.1408000886440277
546,9829,0.09160327911376953,
546,9839,0.09877029061317444,
546,9845,,0.1395295113325119
547,9849,0.09807455539703369,
547,9859,0.09896838665008545,
547,9863,,0.14627771079540253
548,9869,0.10056740045547485,
548,9879,0.10259898751974106,
548,9881,,0.20689839124679565
549,9889,0.18303953111171722,
549,9899,0.12961852550506592,
549,9899,,0.17763352394104004
550,9909,0.1329282522201538,
550,9917,,0.1517656147480011
551,9919,0.14175176620483398,
551,9929,0.11253927648067474,
551,9935,,0.1443507820367813
552,9939,0.11641541123390198,
552,9949,0.09370625019073486,
552,9953,,0.1405981183052063
553,9959,0.11886459589004517,
553,9969,0.1065623015165329,
553,9971,,0.13826408982276917
554,9979,0.11093899607658386,
554,9989,0.09116831421852112,
554,9989,,0.13947360217571259
555,9999,0.12403775006532669,
555,10007,,0.13976244628429413
556,10009,0.09599828720092773,
556,10019,0.11849740892648697,
556,10025,,0.1347987800836563
557,10029,0.11754307895898819,
557,10039,0.08460523188114166,
557,10043,,0.13816441595554352
558,10049,0.10007517784833908,
558,10059,0.0982145145535469,
558,10061,,0.13356156647205353
559,10069,0.08034048229455948,
559,10079,0.09664540737867355,
559,10079,,0.1336580067873001
560,10089,0.08289648592472076,
560,10097,,0.1327941119670868
561,10099,0.08734413236379623,
561,10109,0.08748617768287659,
561,10115,,0.1317441463470459
562,10119,0.12256892025470734,
562,10129,0.07753317058086395,
562,10133,,0.1313357800245285
563,10139,0.0786270946264267,
563,10149,0.07828563451766968,
563,10151,,0.12931443750858307
564,10159,0.129163920879364,
564,10169,0.07675214111804962,
564,10169,,0.1283637285232544
565,10179,0.09491825848817825,
565,10187,,0.12815611064434052
566,10189,0.08653897792100906,
566,10199,0.08973380923271179,
566,10205,,0.12706176936626434
567,10209,0.10927379876375198,
567,10219,0.10766153037548065,
567,10223,,0.13262517750263214
568,10229,0.09504089504480362,
568,10239,0.11294671893119812,
568,10241,,0.13021419942378998
569,10249,0.09066319465637207,
569,10259,0.10487542301416397,
569,10259,,0.12997622787952423
570,10269,0.08201734721660614,
570,10277,,0.12730681896209717
571,10279,0.08804145455360413,
571,10289,0.10477838665246964,
571,10295,,0.1362273246049881
572,10299,0.08616019040346146,
572,10309,0.08307093381881714,
572,10313,,0.1277109980583191
573,10319,0.10830999165773392,
573,10329,0.0889081209897995,
573,10331,,0.132968470454216
574,10339,0.09314024448394775,
574,10349,0.09058350324630737,
574,10349,,0.12787438929080963
575,10359,0.1062040701508522,
575,10367,,0.12563000619411469
576,10369,0.11129383742809296,
576,10379,0.10682429373264313,
576,10385,,0.12694287300109863
577,10389,0.09284698963165283,
577,10399,0.0973874181509018,
577,10403,,0.12418743222951889
578,10409,0.08595306426286697,
578,10419,0.06905525922775269,
578,10421,,0.12361260503530502
579,10429,0.07430362701416016,
579,10439,0.10822415351867676,
579,10439,,0.1230640783905983
580,10449,0.10889691859483719,
580,10457,,0.12378787994384766
581,10459,0.09557303041219711,
581,10469,0.08133558928966522,
581,10475,,0.1237221360206604
582,10479,0.08623486012220383,
582,10489,0.0962957814335823,
582,10493,,0.12230973690748215
583,10499,0.13131919503211975,
583,10509,0.07105423510074615,
583,10511,,0.12182861566543579
584,10519,0.0782862976193428,
584,10529,0.11798473447561264,
584,10529,,0.12294024974107742
585,10539,0.10409744083881378,
585,10547,,0.12276160717010498
586,10549,0.08161334693431854,
586,10559,0.11414113640785217,
586,10565,,0.12038444727659225
587,10569,0.08192849159240723,
587,10579,0.10270332545042038,
587,10583,,0.12060900777578354
588,10589,0.10607393831014633,
588,10599,0.08551148325204849,
588,10601,,0.11947909742593765
589,10609,0.08534925431013107,
589,10619,0.44904571771621704,
589,10619,,0.13543708622455597
590,10629,0.5914087295532227,
590,10637,,0.38008636236190796
591,10639,0.2946169078350067,
591,10649,0.23101748526096344,
591,10655,,0.23759262263774872
592,10659,0.21749167144298553,
592,10669,0.18559187650680542,
592,10673,,0.19718322157859802
593,10679,0.13994427025318146,
593,10689,0.15604567527770996,
593,10691,,0.17192070186138153
594,10699,0.1613054871559143,
594,10709,0.0994635745882988,
594,10709,,0.1635780781507492
595,10719,0.1051984652876854,
595,10727,,0.15900354087352753
596,10729,0.10714247822761536,
596,10739,0.14170978963375092,
596,10745,,0.15569788217544556
597,10749,0.13950583338737488,
597,10759,0.11558007448911667,
597,10763,,0.14933963119983673
598,10769,0.1316823661327362,
598,10779,0.17901062965393066,
598,10781,,0.14538848400115967
599,10789,0.18391627073287964,
599,10799,0.18297336995601654,
599,10799,,0.14643974602222443
600,10809,0.14904573559761047,
600,10817,,0.14113642275333405
601,10819,0.09569324553012848,
601,10829,0.08390675485134125,
601,10835,,0.14267878234386444
602,10839,0.10187733918428421,
602,10849,0.08270562440156937,
602,10853,,0.13865387439727783
603,10859,0.08469758927822113,
603,10869,0.09480436146259308,
603,10871,,0.13398349285125732
604,10879,0.08619283139705658,
604,10889,0.08039899915456772,
604,10889,,0.13166208565235138
605,10899,0.08240910619497299,
605,10907,,0.12989044189453125
606,10909,0.11237926781177521,
606,10919,0.09003619849681854,
606,10925,,0.1280178278684616
607,10929,0.09709471464157104,
607,10939,0.08244574069976807,
607,10943,,0.1269678771495819
608,10949,0.09197874367237091,
608,10959,0.09098443388938904,
608,10961,,0.12513603270053864
609,10969,0.09582240879535675,
609,10979,0.0899091511964798,
609,10979,,0.12609510123729706
610,10989,0.0835338607430458,
610,10997,,0.12420707195997238
611,10999,0.08276486396789551,
611,11009,0.08114020526409149,
611,11015,,0.1240401566028595
612,11019,0.08467520028352737,
612,11029,0.07674652338027954,
612,11033,,0.12441125512123108
613,11039,0.08528538793325424,
613,11049,0.09695017337799072,
613,11051,,0.12322533130645752
614,11059,0.08821055293083191,
614,11069,0.08231495320796967,
614,11069,,0.1258654147386551
615,11079,0.13079221546649933,
615,11087,,0.14139527082443237
616,11089,0.22640679776668549,
616,11099,0.1025317907333374,
616,11105,,0.1319524347782135
617,11109,0.08515890687704086,
617,11119,0.08489057421684265,
617,11123,,0.12643498182296753
618,11129,0.08475460112094879,
618,11139,0.08414068818092346,
618,11141,,0.12316574156284332
619,11149,0.07748975604772568,
619,11159,0.09786056727170944,
619,11159,,0.1218593493103981
620,11169,0.07866339385509491,
620,11177,,0.12215707451105118
621,11179,0.08494572341442108,
621,11189,0.09929834306240082,
621,11195,,0.11997506767511368
622,11199,0.08684134483337402,
622,11209,0.08433083444833755,
622,11213,,0.12245196849107742
623,11219,0.08048432320356369,
623,11229,0.08755548298358917,
623,11231,,0.11871587485074997
624,11239,0.07495637983083725,
624,11249,0.08062285929918289,
624,11249,,0.11736317723989487
625,11259,0.07701348513364792,
625,11267,,0.11792077124118805
626,11269,0.07872268557548523,
626,11279,0.10801953077316284,
626,11285,,0.11675629019737244
627,11289,0.07742438465356827,
627,11299,0.08670496940612793,
627,11303,,0.11666889488697052
628,11309,0.08546240627765656,
628,11319,0.11468981206417084,
628,11321,,0.1180398017168045
629,11329,0.06690599024295807,
629,11339,0.0922996774315834,
629,11339,,0.1186845451593399
630,11349,0.08729974925518036,
630,11357,,0.12343494594097137
631,11359,0.07683256268501282,
631,11369,0.1200447827577591,
631,11375,,0.11770490556955338
632,11379,0.07929672300815582,
632,11389,0.08170951902866364,
632,11393,,0.11740672588348389
633,11399,0.10149537026882172,
633,11409,0.10748803615570068,
633,11411,,0.13102391362190247
634,11419,0.07458244264125824,
634,11429,0.08960230648517609,
634,11429,,0.12336250394582748
635,11439,0.08174636960029602,
635,11447,,0.11673764884471893
636,11449,0.07572359591722488,
636,11459,0.07697465270757675,
636,11465,,0.11609096825122833
637,11469,0.1201019212603569,
637,11479,0.07391788065433502,
637,11483,,0.11570874601602554
638,11489,0.09158118069171906,
638,11499,0.0705568715929985,
638,11501,,0.11439307034015656
639,11509,0.08990661799907684,
639,11519,0.0701398029923439,
639,11519,,0.11472873389720917
640,11529,0.10166329890489578,
640,11537,,0.11407683789730072
641,11539,0.08398948609828949,
641,11549,0.08300143480300903,
641,11555,,0.1154981181025505
642,11559,0.07691198587417603,
642,11569,0.0977945402264595,
642,11573,,0.11342941224575043
643,11579,0.089472696185112,
643,11589,0.06868690997362137,
643,11591,,0.11354353278875351
644,11599,0.0683962032198906,
644,11609,0.10173409432172775,
644,11609,,0.11231572926044464
645,11619,0.08969829231500626,
645,11627,,0.11369785666465759
646,11629,0.08374927937984467,
646,11639,0.08060148358345032,
646,11645,,0.11271815747022629
647,11649,0.07500395178794861,
647,11659,0.09315168857574463,
647,11663,,0.11282926052808762
648,11669,0.10231766104698181,
648,11679,0.08034487068653107,
648,11681,,0.11961027979850769
649,11689,0.09591233730316162,
649,11699,0.09444922208786011,
649,11699,,0.11792261898517609
650,11709,0.08216941356658936,
650,11717,,0.11713625490665436
651,11719,0.08422726392745972,
651,11729,0.08362849056720734,
651,11735,,0.1123698502779007
652,11739,0.08318433165550232,
652,11749,0.08304725587368011,
652,11753,,0.11448781192302704
653,11759,0.07744890451431274,
653,11769,0.11782987415790558,
653,11771,,0.11315599083900452
654,11779,0.10382696986198425,
654,11789,0.13412925601005554,
654,11789,,0.13693222403526306
655,11799,0.08709999918937683,
655,11807,,0.11961188167333603
656,11809,0.07894016057252884,
656,11819,0.08199268579483032,
656,11825,,0.11878983676433563
657,11829,0.08040039241313934,
657,11839,0.11895632743835449,
657,11843,,0.11141269654035568
658,11849,0.08996187895536423,
658,11859,0.07595574855804443,
658,11861,,0.11032120883464813
659,11869,0.07450543344020844,
659,11879,0.10951250791549683,
659,11879,,0.10995709896087646
660,11889,0.08977285027503967,
660,11897,,0.11088716983795166
661,11899,0.07651553303003311,
661,11909,0.06852191686630249,
661,11915,,0.10934499651193619
662,11919,0.07064063847064972,
662,11929,0.0817384272813797,
662,11933,,0.10845325142145157
663,11939,0.08850076794624329,
663,11949,0.06792245805263519,
663,11951,,0.10838889330625534
664,11959,0.08429445326328278,
664,11969,0.09396295994520187,
664,11969,,0.10894062370061874
665,11979,0.07047204673290253,
665,11987,,0.11058875173330307
666,11989,0.08131930232048035,
666,11999,0.08674339205026627,
666,12005,,0.10800628364086151
667,12009,0.09810639917850494,
667,12019,0.06668475270271301,
667,12023,,0.11325067281723022
668,12029,0.07165110856294632,
668,12039,0.07291987538337708,
668,12041,,0.11099066585302353
669,12049,0.07755552232265472,
669,12059,0.09319478273391724,
669,12059,,0.10898857563734055
670,12069,0.07686137408018112,
670,12077,,0.11148086190223694
671,12079,0.08289516717195511,
671,12089,0.0876884013414383,
671,12095,,0.10684844106435776
672,12099,0.07846549153327942,
672,12109,0.08071918785572052,
672,12113,,0.10637609660625458
673,12119,0.11717986315488815,
673,12129,0.07254914939403534,
673,12131,,0.10811801999807358
674,12139,0.06559908390045166,
674,12149,0.08045019954442978,
674,12149,,0.10813319683074951
675,12159,0.07618217170238495,
675,12167,,0.10662367939949036
676,12169,0.07507145404815674,
676,12179,0.0683799535036087,
676,12185,,0.10645914077758789
677,12189,0.11261363327503204,
677,12199,0.08117474615573883,
677,12203,,0.1063673123717308
678,12209,0.19343717396259308,
678,12219,0.5653368234634399,
678,12221,,0.519568681716919
679,12229,0.32910436391830444,
679,12239,0.3393211364746094,
679,12239,,0.3433554768562317
680,12249,0.34773409366607666,
680,12257,,0.28316882252693176
681,12259,0.4696885943412781,
681,12269,0.27374401688575745,
681,12275,,0.20486551523208618
682,12279,0.211231529712677,
682,12289,0.1514788269996643,
682,12293,,0.19453422725200653
683,12299,0.16526713967323303,
683,12309,0.11399184912443161,
683,12311,,0.1680935025215149
684,12319,0.11372323334217072,
684,12329,0.12781564891338348,
684,12329,,0.1516752988100052
685,12339,0.1014288142323494,
685,12347,,0.1433962881565094
686,12349,0.09314905107021332,
686,12359,0.1072445809841156,
686,12365,,0.1377280354499817
687,12369,0.12536649405956268,
687,12379,0.10300596058368683,
687,12383,,0.13255076110363007
688,12389,0.09134206175804138,
688,12399,0.11609290540218353,
688,12401,,0.13130125403404236
689,12409,0.08599522709846497,
689,12419,0.08540511131286621,
689,12419,,0.12824809551239014
690,12429,0.0769127681851387,
690,12437,,0.12457787990570068
691,12439,0.0813722163438797,
691,12449,0.1009073555469513,
691,12455,,0.12404865771532059
692,12459,0.10469047725200653,
692,12469,0.08992667496204376,
692,12473,,0.12166481465101242
693,12479,0.07613196969032288,
693,12489,0.0919780358672142,
693,12491,,0.12189290672540665
694,12499,0.09338308870792389,
694,12509,0.0854293629527092,
694,12509,,0.1194741353392601
695,12519,0.08572877943515778,
695,12527,,0.11800431460142136
696,12529,0.1274316906929016,
696,12539,0.07488809525966644,
696,12545,,0.11566638946533203
697,12549,0.08029210567474365,
697,12559,0.09784398972988129,
697,12563,,0.11530449986457825
698,12569,0.0902925580739975,
698,12579,0.08266377449035645,
698,12581,,0.11542726308107376
699,12589,0.09983640909194946,
699,12599,0.08895041793584824,
699,12599,,0.11497533321380615
700,12609,0.08626357465982437,
700,12617,,0.11211434751749039
701,12619,0.09539413452148438,
701,12629,0.07463549077510834,
701,12635,,0.1130533441901207
702,12639,0.06910373270511627,
702,12649,0.08629420399665833,
702,12653,,0.11120501905679703
703,12659,0.08183981478214264,
703,12669,0.08160749077796936,
703,12671,,0.11162637919187546
704,12679,0.08598385751247406,
704,12689,0.07463617622852325,
704,12689,,0.11175547540187836
705,12699,0.11850757896900177,
705,12707,,0.1105542704463005
706,12709,0.08022034168243408,
706,12719,0.1116279810667038,
706,12725,,0.11347049474716187
707,12729,0.07218681275844574,
707,12739,0.08003570884466171,
707,12743,,0.11634790152311325
708,12749,0.07277491688728333,
708,12759,0.22416381537914276,
708,12761,,0.21033987402915955
709,12769,0.17625108361244202,
709,12779,3.8674018383026123,
709,12779,,0.40612176060676575
710,12789,1.220463752746582,
710,12797,,0.6676065921783447
711,12799,0.5854640007019043,
711,12809,0.4920954704284668,
711,12815,,0.5277639031410217
712,12819,0.7128373980522156,
712,12829,0.42923223972320557,
712,12833,,0.41525137424468994
713,12839,0.30748534202575684,
713,12849,0.268503874540329,
713,12851,,0.35037556290626526
714,12859,0.26438549160957336,
714,12869,0.25638461112976074,
714,12869,,0.3122390806674957
715,12879,0.20926544070243835,
715,12887,,0.2780221700668335
716,12889,0.2192569375038147,
716,12899,0.1613016128540039,
716,12905,,0.24786376953125
717,12909,0.19355034828186035,
717,12919,0.15348416566848755,
717,12923,,0.22270254790782928
718,12929,0.15254296362400055,
718,12939,0.14443239569664001,
718,12941,,0.20586730539798737
719,12949,0.14239639043807983,
719,12959,0.1513434797525406,
719,12959,,0.19177980720996857
720,12969,0.15136776864528656,
720,12977,,0.18220728635787964
721,12979,0.13515403866767883,
721,12989,0.14194001257419586,
721,12995,,0.17542332410812378
722,12999,0.11562171578407288,
722,13009,0.1154395341873169,
722,13013,,0.16868777573108673
723,13019,0.1287471503019333,
723,13029,0.13494189083576202,
723,13031,,0.16423891484737396
724,13039,0.13449931144714355,
724,13049,0.0972827896475792,
724,13049,,0.1592652052640915
725,13059,0.1579049825668335,
725,13067,,0.17397868633270264
726,13069,0.11769556999206543,
726,13079,0.1059848964214325,
726,13085,,0.15609613060951233
727,13089,0.11973229050636292,
727,13099,0.09109122306108475,
727,13103,,0.15722639858722687
728,13109,0.10209750384092331,
728,13119,0.09778253734111786,
728,13121,,0.15307636559009552
729,13129,0.10075689852237701,
729,13139,0.10160771757364273,
729,13139,,0.14727893471717834
730,13149,0.0973430722951889,
730,13157,,0.14427301287651062
731,13159,0.0983218252658844,
731,13169,0.09381569921970367,
731,13175,,0.14280971884727478
732,13179,0.1300097107887268,
732,13189,0.09169141203165054,
732,13193,,0.13948532938957214
733,13199,0.10888118296861649,
733,13209,0.10077355802059174,
733,13211,,0.13872849941253662
734,13219,0.10398358106613159,
734,13229,0.08705772459506989,
734,13229,,0.1365540623664856
735,13239,0.08022677153348923,
735,13247,,0.13406185805797577
736,13249,0.1008739322423935,
736,13259,0.09431463479995728,
736,13265,,0.13304458558559418
737,13269,0.09807199984788895,
737,13279,0.10111166536808014,
737,13283,,0.130601704120636
738,13289,0.10865741968154907,
738,13299,0.09430798888206482,
738,13301,,0.13103480637073517
739,13309,0.08330455422401428,
739,13319,0.09916471689939499,
739,13319,,0.1312888115644455
740,13329,0.08430442214012146,
740,13337,,0.12910886108875275
741,13339,0.09877126663923264,
741,13349,0.08864697068929672,
741,13355,,0.1288500428199768
742,13359,0.08784240484237671,
742,13369,0.07618696242570877,
742,13373,,0.1259046494960785
743,13379,0.09900510311126709,
743,13389,0.09358291327953339,
743,13391,,0.12593890726566315
744,13399,0.09427869319915771,
744,13409,0.0730389952659607,
744,13409,,0.12490789592266083
745,13419,0.07488298416137695,
745,13427,,0.12254437059164047
746,13429,0.09179319441318512,
746,13439,0.0804348886013031,
746,13445,,0.1215803474187851
747,13449,0.09235015511512756,
747,13459,0.09514842182397842,
747,13463,,0.12014614045619965
748,13469,0.08425526320934296,
748,13479,0.11587211489677429,
748,13481,,0.13686110079288483
749,13489,0.10063263773918152,
749,13499,0.0818178653717041,
749,13499,,0.12900350987911224
750,13509,0.10353180021047592,
750,13517,,0.12439365684986115
751,13519,0.08831101655960083,
751,13529,0.10047218203544617,
751,13535,,0.12570075690746307
752,13539,0.08588697016239166,
752,13549,0.10665734857320786,
752,13553,,0.1322758048772812
753,13559,0.08304376900196075,
753,13569,0.09538563340902328,
753,13571,,0.12105978280305862
754,13579,0.07700454443693161,
754,13589,0.08647423982620239,
754,13589,,0.1191616803407669
755,13599,0.11782841384410858,
755,13607,,0.11837206780910492
756,13609,0.0966615378856659,
756,13619,0.1083734929561615,
756,13625,,0.11860867589712143
757,13629,0.0679079219698906,
757,13639,0.07441210746765137,
757,13643,,0.12253925949335098
758,13649,0.09554030001163483,
758,13659,0.0708642452955246,
758,13661,,0.11621324717998505
759,13669,0.09268061816692352,
759,13679,0.09246700257062912,
759,13679,,0.11814265698194504
760,13689,0.09710057824850082,
760,13697,,0.12593065202236176
761,13699,0.09839490056037903,
761,13709,0.09998823702335358,
761,13715,,0.12225818634033203
762,13719,0.09191890805959702,
762,13729,0.09755514562129974,
762,13733,,0.11569850891828537
763,13739,0.10161151736974716,
763,13749,0.07409411668777466,
763,13751,,0.11371740698814392
764,13759,0.07567252218723297,
764,13769,0.07894033938646317,
764,13769,,0.11151029914617538
765,13779,0.08417797088623047,
765,13787,,0.11107531934976578
766,13789,0.0914495512843132,
766,13799,0.07433154433965683,
766,13805,,0.11170297861099243
767,13809,0.07658978551626205,
767,13819,0.08521223068237305,
767,13823,,0.11560644954442978
768,13829,0.0825573205947876,
768,13839,0.07154925167560577,
768,13841,,0.11181320995092392
769,13849,0.07584699243307114,
769,13859,0.16563640534877777,
769,13859,,0.24081051349639893
770,13869,0.19494958221912384,
770,13877,,0.17676453292369843
771,13879,0.12143197655677795,
771,13889,0.12386976927518845,
771,13895,,0.1695386916399002
772,13899,0.11594535410404205,
772,13909,0.14532819390296936,
772,13913,,0.13662096858024597
773,13919,0.09928946197032928,
773,13929,0.08916284143924713,
773,13931,,0.12502054870128632
774,13939,0.09936349093914032,
774,13949,0.09166859835386276,
774,13949,,0.11965493112802505
775,13959,0.09383410215377808,
775,13967,,0.11658797413110733
776,13969,0.09030383825302124,
776,13979,0.07828281819820404,
776,13985,,0.11765293031930923
777,13989,0.10037405043840408,
777,13999,0.07894095778465271,
777,14003,,0.11415635049343109
778,14009,0.08973725140094757,
778,14019,0.08118458092212677,
778,14021,,0.11309432983398438
779,14029,0.07148310542106628,
779,14039,0.0951220914721489,
779,14039,,0.11251387745141983
780,14049,0.05906346067786217,
780,14057,,0.11285723000764847
781,14059,0.08287470042705536,
781,14069,0.07814472913742065,
781,14075,,0.11116981506347656
782,14079,0.09043962508440018,
782,14089,0.08050784468650818,
782,14093,,0.11012400686740875
783,14099,0.07199610769748688,
783,14109,0.06562289595603943,
783,14111,,0.10948581248521805
784,14119,0.08989991247653961,
784,14129,0.06547077000141144,
784,14129,,0.10789299011230469
785,14139,0.07492796331644058,
785,14147,,0.11168954521417618
786,14149,0.08665996789932251,
786,14159,0.09112229198217392,
786,14165,,0.10773579776287079
787,14169,0.07911422848701477,
787,14179,0.06798432767391205,
787,14183,,0.1067519411444664
788,14189,0.0622762069106102,
788,14199,0.10413874685764313,
788,14201,,0.10604915022850037
789,14209,0.07695768773555756,
789,14219,0.05825743079185486,
789,14219,,0.10523686558008194
790,14229,0.06614907085895538,
790,14237,,0.10634627193212509
791,14239,0.08190930634737015,
791,14249,0.068401038646698,
791,14255,,0.10464131832122803
792,14259,0.06175069138407707,
792,14269,0.09058324992656708,
792,14273,,0.10441519320011139
793,14279,0.0625465139746666,
793,14289,0.0842786431312561,
793,14291,,0.1058722734451294
794,14299,0.09601204842329025,
794,14309,0.06426703184843063,
794,14309,,0.10538963228464127
795,14319,0.07047399878501892,
795,14327,,0.1052045002579689
796,14329,0.06826773285865784,
796,14339,0.1501786708831787,
796,14345,,0.14078639447689056
797,14349,0.16560731828212738,
797,14359,5.018344402313232,
797,14363,,0.9033743739128113
798,14369,1.3302559852600098,
798,14379,1.9920248985290527,
798,14381,,0.6440178751945496
799,14389,0.6665582656860352,
799,14399,0.40434733033180237,
799,14399,,0.4896766245365143
800,14409,0.4593583345413208,
800,14417,,0.37729138135910034
801,14419,0.28621578216552734,
801,14429,0.26211249828338623,
801,14435,,0.299132764339447
802,14439,0.24004997313022614,
802,14449,0.2369212806224823,
802,14453,,0.255513459444046
803,14459,0.2030610591173172,
803,14469,0.18192492425441742,
803,14471,,0.22896486520767212
804,14479,0.1534585803747177,
804,14489,0.20436349511146545,
804,14489,,0.2094590961933136
805,14499,0.1632232964038849,
805,14507,,0.1972312480211258
806,14509,0.15609946846961975,
806,14519,0.1849464625120163,
806,14525,,0.18627606332302094
807,14529,0.12417156994342804,
807,14539,0.13678903877735138,
807,14543,,0.17682909965515137
808,14549,0.11868265271186829,
808,14559,0.13937044143676758,
808,14561,,0.17054635286331177
809,14569,0.11050711572170258,
809,14579,0.114035464823246,
809,14579,,0.1669188141822815
810,14589,0.10090573132038116,
810,14597,,0.16087989509105682
811,14599,0.11665809154510498,
811,14609,0.1458134949207306,
811,14615,,0.15671852231025696
812,14619,0.11988627910614014,
812,14629,0.1271241307258606,
812,14633,,0.15227092802524567
813,14639,0.13801388442516327,
813,14649,0.10555027425289154,
813,14651,,0.15047357976436615
814,14659,0.10695460438728333,
814,14669,0.11615642160177231,
814,14669,,0.1476423144340515
815,14679,0.09019139409065247,
815,14687,,0.1457182914018631
816,14689,0.0922149121761322,
816,14699,0.16455431282520294,
816,14705,,0.14809881150722504
817,14709,0.1220085620880127,
817,14719,0.10382086038589478,
817,14723,,0.14572608470916748
818,14729,0.09061533212661743,
818,14739,0.12221494317054749,
818,14741,,0.14471624791622162
819,14749,0.16775169968605042,
819,14759,0.1075218915939331,
819,14759,,0.14013619720935822
820,14769,0.10019700974225998,
820,14777,,0.13981550931930542
821,14779,0.09986173361539841,
821,14789,0.09294717013835907,
821,14795,,0.13633891940116882
822,14799,0.11236116290092468,
822,14809,0.10188063979148865,
822,14813,,0.13548502326011658
823,14819,0.09149571508169174,
823,14829,0.11648319661617279,
823,14831,,0.13378435373306274
824,14839,0.08865829557180405,
824,14849,0.09913408011198044,
824,14849,,0.1320999413728714
825,14859,0.0934513732790947,
825,14867,,0.13083516061306
826,14869,0.10024920105934143,
826,14879,0.07698459923267365,
826,14885,,0.12924447655677795
827,14889,0.10255169868469238,
827,14899,0.09535134583711624,
827,14903,,0.1295740306377411
828,14909,0.1431751698255539,
828,14919,0.10571008920669556,
828,14921,,0.12835116684436798
829,14929,0.09252162277698517,
829,14939,0.12508425116539001,
829,14939,,0.12785202264785767
830,14949,0.10183538496494293,
830,14957,,0.13032858073711395
831,14959,0.16173046827316284,
831,14969,0.2196839153766632,
831,14975,,0.16847731173038483
832,14979,0.17250442504882812,
832,14989,0.162490576505661,
832,14993,,0.1648605465888977
833,14999,0.12755738198757172,
833,15009,0.12628978490829468,
833,15011,,0.14712509512901306
834,15019,0.10450664162635803,
834,15029,0.1680348962545395,
834,15029,,0.13852280378341675
835,15039,0.10975712537765503,
835,15047,,0.134994775056839
836,15049,0.09204229712486267,
836,15059,0.09073690325021744,
836,15065,,0.13367022573947906
837,15069,0.09965261816978455,
837,15079,0.08669015765190125,
837,15083,,0.13021548092365265
838,15089,0.130630761384964,
838,15099,0.08285710215568542,
838,15101,,0.12762552499771118
839,15109,0.09083059430122375,
839,15119,0.08612393587827682,
839,15119,,0.12596040964126587
840,15129,0.09495607763528824,
840,15137,,0.12494058907032013
841,15139,0.0892934799194336,
841,15149,0.09166806191205978,
841,15155,,0.12395954877138138
842,15159,0.07865162193775177,
842,15169,0.09805190563201904,
842,15173,,0.12238238751888275
843,15179,0.0719863623380661,
843,15189,0.0769677460193634,
843,15191,,0.1214551106095314
844,15199,0.08328889310359955,
844,15209,0.07474583387374878,
844,15209,,0.11980707943439484
845,15219,0.0849212259054184,
845,15227,,0.12041806429624557
846,15229,0.07608624547719955,
846,15239,0.07602213323116302,
846,15245,,0.1260373443365097
847,15249,0.15735173225402832,
847,15259,0.09357528388500214,
847,15263,,0.13821862637996674
848,15269,0.0925479531288147,
848,15279,0.21797847747802734,
848,15281,,0.13800457119941711
849,15289,0.08854684978723526,
849,15299,0.0908622220158577,
849,15299,,0.13805845379829407
850,15309,0.0956740453839302,
850,15317,,0.12564215064048767
851,15319,0.0848950520157814,
851,15329,0.09632554650306702,
851,15335,,0.12438680976629257
852,15339,0.10392022132873535,
852,15349,0.08027457445859909,
852,15353,,0.12131580710411072
853,15359,0.0744718462228775,
853,15369,0.10808516293764114,
853,15371,,0.11985363066196442
854,15379,0.09170304238796234,
854,15389,0.08280684798955917,
854,15389,,0.11831524223089218
855,15399,0.07960384339094162,
855,15407,,0.11904346197843552
856,15409,0.08225803077220917,
856,15419,0.08683734387159348,
856,15425,,0.11627571284770966
857,15429,0.08886491507291794,
857,15439,0.10653400421142578,
857,15443,,0.11592654138803482
858,15449,0.0813608467578888,
858,15459,0.12137351930141449,
858,15461,,0.11432480067014694
859,15469,0.07891600579023361,
859,15479,0.07612989097833633,
859,15479,,0.11506437510251999
860,15489,0.10674560070037842,
860,15497,,0.11426041275262833
861,15499,0.09210164844989777,
861,15509,0.09582724422216415,
861,15515,,0.11358600109815598
862,15519,0.08542133122682571,
862,15529,0.0938078910112381,
862,15533,,0.1144123300909996
863,15539,0.08729539066553116,
863,15549,0.08188718557357788,
863,15551,,0.11273686587810516
864,15559,0.07089585065841675,
864,15569,0.06364083290100098,
864,15569,,0.11218693107366562
865,15579,0.06551465392112732,
865,15587,,0.11546388268470764
866,15589,0.07139889895915985,
866,15599,0.31970518827438354,
866,15605,,0.16733653843402863
867,15609,0.10730483382940292,
867,15619,0.12504985928535461,
867,15623,,0.13396964967250824
868,15629,0.08282136917114258,
868,15639,0.0843784362077713,
868,15641,,0.12149083614349365
869,15649,0.09405309706926346,
869,15659,0.06904295831918716,
869,15659,,0.11825062334537506
870,15669,0.08337508887052536,
870,15677,,0.11544124037027359
871,15679,0.07218742370605469,
871,15689,0.07840655744075775,
871,15695,,0.11415448784828186
872,15699,0.09986503422260284,
872,15709,0.07669185101985931,
872,15713,,0.1153886467218399
873,15719,0.09449335932731628,
873,15729,0.08506378531455994,
873,15731,,0.11284976452589035
874,15739,0.07788445055484772,
874,15749,0.07263337820768356,
874,15749,,0.11042588949203491
875,15759,0.07502591609954834,
875,15767,,0.11013185232877731
876,15769,0.0720028430223465,
876,15779,0.07079265266656876,
876,15785,,0.1097053661942482
877,15789,0.07415777444839478,
877,15799,0.06852446496486664,
877,15803,,0.11039451509714127
878,15809,0.06286272406578064,
878,15819,0.078573077917099,
878,15821,,0.11525389552116394
879,15829,0.0867859274148941,
879,15839,0.08073797821998596,
879,15839,,0.11069287359714508
880,15849,0.09007035195827484,
880,15857,,0.11073465645313263
881,15859,0.09418801963329315,
881,15869,0.1038924902677536,
881,15875,,0.11509601026773453
882,15879,0.11910724639892578,
882,15889,0.08404263854026794,
882,15893,,0.11409427970647812
883,15899,0.11021829396486282,
883,15909,0.07057680934667587,
883,15911,,0.11115661263465881
884,15919,0.07732779532670975,
884,15929,0.07221362739801407,
884,15929,,0.10942893475294113
885,15939,0.07125216722488403,
885,15947,,0.17217300832271576
886,15949,0.11481134593486786,
886,15959,0.09589873999357224,
886,15965,,0.16843479871749878
887,15969,0.11733734607696533,
887,15979,0.08917228132486343,
887,15983,,0.13194699585437775
888,15989,0.08388155698776245,
888,15999,0.0704655796289444,
888,16001,,0.11787419766187668
889,16009,0.08210037648677826,
889,16019,0.08151492476463318,
889,16019,,0.11418356001377106
890,16029,0.06937043368816376,
890,16037,,0.11199045926332474
891,16039,0.09132829308509827,
891,16049,0.07357650250196457,
891,16055,,0.11081507802009583
892,16059,0.07616855949163437,
892,16069,0.08796528726816177,
892,16073,,0.10929229110479355
893,16079,0.10116589069366455,
893,16089,0.08362826704978943,
893,16091,,0.10984698683023453
894,16099,0.06111518666148186,
894,16109,0.07275987416505814,
894,16109,,0.10819456726312637
895,16119,0.07524330914020538,
895,16127,,0.10877759754657745
896,16129,0.08334316313266754,
896,16139,0.06867985427379608,
896,16145,,0.10744426399469376
897,16149,0.07081763446331024,
897,16159,0.06396128237247467,
897,16163,,0.10790234059095383
898,16169,0.06948761641979218,
898,16179,0.07560738921165466,
898,16181,,0.10648796707391739
899,16189,0.07334926724433899,
899,16199,0.08264949172735214,
899,16199,,0.10571911931037903
900,16209,0.07576726377010345,
900,16217,,0.10621526092290878
901,16219,0.07909294962882996,
901,16229,0.07124350965023041,
901,16235,,0.10493141412734985
902,16239,0.07346855849027634,
902,16249,0.08376538008451462,
902,16253,,0.10499528050422668
903,16259,0.0671856701374054,
903,16269,0.08982081711292267,
903,16271,,0.10501562058925629
904,16279,0.07148444652557373,
904,16289,0.08519452065229416,
904,16289,,0.10411068052053452
905,16299,0.09595443308353424,
905,16307,,0.10506557673215866
906,16309,0.09213564544916153,
906,16319,0.07987868040800095,
906,16325,,0.10504899173974991
907,16329,0.0831088125705719,
907,16339,0.06567425280809402,
907,16343,,0.10408065468072891
908,16349,0.0840836688876152,
908,16359,0.07296104729175568,
908,16361,,0.10329738259315491
909,16369,0.07894890010356903,
909,16379,0.0717521384358406,
909,16379,,0.10481593012809753
910,16389,0.10735104233026505,
910,16397,,0.10324500501155853
911,16399,0.06157509237527847,
911,16409,0.09484250843524933,
911,16415,,0.10228809714317322
912,16419,0.0733167976140976,
912,16429,0.06810292601585388,
912,16433,,0.1019435003399849
913,16439,0.07400738447904587,
913,16449,0.07722241431474686,
913,16451,,0.10124089568853378
914,16459,0.06334726512432098,
914,16469,0.09689506143331528,
914,16469,,0.10115085542201996
915,16479,0.0836573988199234,
915,16487,,0.10092274844646454
916,16489,0.0743851289153099,
916,16499,0.07664495706558228,
916,16505,,0.10297107696533203
917,16509,0.07895924896001816,
917,16519,0.08263963460922241,
917,16523,,0.10119454562664032
918,16529,0.06365153193473816,
918,16539,0.07819423079490662,
918,16541,,0.10347696393728256
919,16549,0.08994852006435394,
919,16559,0.07489728927612305,
919,16559,,0.10583380609750748
920,16569,0.07821273058652878,
920,16577,,0.10420554876327515
921,16579,0.07968004047870636,
921,16589,0.06096794456243515,
921,16595,,0.10082068294286728
922,16599,0.06814803183078766,
922,16609,0.06953522562980652,
922,16613,,0.1042584627866745
923,16619,0.10870309919118881,
923,16629,0.06584009528160095,
923,16631,,0.10598304122686386
924,16639,0.07506155967712402,
924,16649,0.09587027132511139,
924,16649,,0.09976937621831894
925,16659,0.07329047471284866,
925,16667,,0.1023523285984993
926,16669,0.06902031600475311,
926,16679,0.07452940195798874,
926,16685,,0.10123828053474426
927,16689,0.08887289464473724,
927,16699,0.07237514853477478,
927,16703,,0.1004992127418518
928,16709,0.0688726156949997,
928,16719,0.06704653799533844,
928,16721,,0.10005190968513489
929,16729,0.0895068570971489,
929,16739,0.06408568471670151,
929,16739,,0.10143305361270905
930,16749,0.07378748804330826,
930,16757,,0.09917686134576797
931,16759,0.06766196340322495,
931,16769,0.06958696246147156,
931,16775,,0.09902346134185791
932,16779,0.06201542913913727,
932,16789,0.06781332939863205,
932,16793,,0.09749695658683777
933,16799,0.06491784006357193,
933,16809,0.06059307977557182,
933,16811,,0.09851554036140442
934,16819,0.06649240106344223,
934,16829,0.12955157458782196,
934,16829,,0.0996878370642662
935,16839,0.06527997553348541,
935,16847,,0.09855736792087555
936,16849,0.05754454433917999,
936,16859,0.06874513626098633,
936,16865,,0.10738658159971237
937,16869,0.09618452936410904,
937,16879,0.09467612206935883,
937,16883,,0.10551486909389496
938,16889,0.07242012023925781,
938,16899,0.06246263533830643,
938,16901,,0.10071951150894165
939,16909,0.07625208795070648,
939,16919,0.08413232862949371,
939,16919,,0.09844283014535904
940,16929,0.0971524715423584,
940,16937,,0.1016479879617691
941,16939,0.07675807178020477,
941,16949,0.06510680168867111,
941,16955,,0.09811681509017944
942,16959,0.06814774870872498,
942,16969,0.06914284825325012,
942,16973,,0.0977761521935463
943,16979,0.07998264580965042,
943,16989,0.07062389701604843,
943,16991,,0.09827473759651184
944,16999,0.10003860294818878,
944,17009,0.05508949235081673,
944,17009,,0.09842503070831299
945,17019,0.07173552364110947,
945,17027,,0.09782375395298004
946,17029,0.06204351410269737,
946,17039,0.07807335257530212,
946,17045,,0.09830006211996078
947,17049,0.06884326040744781,
947,17059,0.055183373391628265,
947,17063,,0.0973772406578064
948,17069,0.0650295615196228,
948,17079,0.05969124287366867,
948,17081,,0.09712667763233185
949,17089,0.06510806828737259,
949,17099,0.05484253168106079,
949,17099,,0.09656889736652374
950,17109,0.08877648413181305,
950,17117,,0.09578732401132584
951,17119,0.05862152948975563,
951,17129,0.07247033715248108,
951,17135,,0.10235815495252609
952,17139,0.17755337059497833,
952,17149,0.5870350003242493,
952,17153,,2.1897850036621094
953,17159,2.2705891132354736,
953,17169,1.2084637880325317,
953,17171,,0.9896147847175598
954,17179,1.2011524438858032,
954,17189,0.7643811106681824,
954,17189,,0.8757461309432983
955,17199,0.6441859006881714,
955,17207,,0.6744005084037781
956,17209,0.5954815149307251,
956,17219,0.5595996379852295,
956,17225,,0.5374285578727722
957,17229,0.48530688881874084,
957,17239,0.42696666717529297,
957,17243,,0.43356409668922424
958,17249,0.3155151605606079,
958,17259,0.28619980812072754,
958,17261,,0.3555941879749298
959,17269,0.2512264847755432,
959,17279,0.24706526100635529,
959,17279,,0.3017893135547638
960,17289,0.19889062643051147,
960,17297,,0.2575915455818176
961,17299,0.17669004201889038,
961,17309,0.17859500646591187,
961,17315,,0.22930413484573364
962,17319,0.18748030066490173,
962,17329,0.17510226368904114,
962,17333,,0.21134096384048462
963,17339,0.13542822003364563,
963,17349,0.1487135887145996,
963,17351,,0.19740411639213562
964,17359,0.1439201384782791,
964,17369,0.1513671576976776,
964,17369,,0.18759171664714813
965,17379,0.13710440695285797,
965,17387,,0.17999142408370972
966,17389,0.15013936161994934,
966,17399,0.15906430780887604,
966,17405,,0.17279529571533203
967,17409,0.11507328599691391,
967,17419,0.1177092045545578,
967,17423,,0.16893868148326874
968,17429,0.12479901313781738,
968,17439,0.12102201581001282,
968,17441,,0.1661614030599594
969,17449,0.12705935537815094,
969,17459,0.10159840434789658,
969,17459,,0.16448065638542175
970,17469,0.1159721314907074,
970,17477,,0.15678897500038147
971,17479,0.11650815606117249,
971,17489,0.12433178722858429,
971,17495,,0.1519070416688919
972,17499,0.12509822845458984,
972,17509,0.1070837527513504,
972,17513,,0.14913779497146606
973,17519,0.11493361741304398,
973,17529,0.12520731985569,
973,17531,,0.14536333084106445
974,17539,0.08886638283729553,
974,17549,0.11975949257612228,
974,17549,,0.14205747842788696
975,17559,0.09873385727405548,
975,17567,,0.13932666182518005
976,17569,0.08824098110198975,
976,17579,0.1062699556350708,
976,17585,,0.13738535344600677
977,17589,0.12307839095592499,
977,17599,0.09934119880199432,
977,17603,,0.13452377915382385
978,17609,0.09468863904476166,
978,17619,0.08764973282814026,
978,17621,,0.13429833948612213
979,17629,0.1073002889752388,
979,17639,0.11140263080596924,
979,17639,,0.1378428190946579
980,17649,0.13166259229183197,
980,17657,,0.14138877391815186
981,17659,0.1292019784450531,
981,17669,0.12496326863765717,
981,17675,,0.13798092305660248
982,17679,0.09727822989225388,
982,17689,0.08738244324922562,
982,17693,,0.1337262988090515
983,17699,0.10535714030265808,
983,17709,0.0860276073217392,
983,17711,,0.1307440847158432
984,17719,0.08956314623355865,
984,17729,0.08655797690153122,
984,17729,,0.12752066552639008
985,17739,0.09413707256317139,
985,17747,,0.12467171251773834
986,17749,0.07944972068071365,
986,17759,0.09871459007263184,
986,17765,,0.12330663204193115
987,17769,0.07792867720127106,
987,17779,0.11234010010957718,
987,17783,,0.12194205075502396
988,17789,0.09743179380893707,
988,17799,0.08174864947795868,
988,17801,,0.12085845321416855
989,17809,0.07554638385772705,
989,17819,0.09331467002630234,
989,17819,,0.11930325627326965
990,17829,0.0708470493555069,
990,17837,,0.11939799785614014
991,17839,0.08608011156320572,
991,17849,0.0863964706659317,
991,17855,,0.11938168853521347
992,17859,0.06810924410820007,
992,17869,0.08281020820140839,
992,17873,,0.11871077865362167
993,17879,0.08041684329509735,
993,17889,0.07967749238014221,
993,17891,,0.11702877283096313
994,17899,0.09120394289493561,
994,17909,0.07491794973611832,
994,17909,,0.11839255690574646
995,17919,0.08609196543693542,
995,17927,,0.1148729920387268
996,17929,0.08437947928905487,
996,17939,0.09087921679019928,
996,17945,,0.11462589353322983
997,17949,0.07736890763044357,
997,17959,0.07500544935464859,
997,17963,,0.11363577097654343
998,17969,0.08980153501033783,
998,17979,0.0754508227109909,
998,17981,,0.11394315958023071
999,17989,0.08488729596138,
999,17999,0.08509790152311325,
999,17999,,0.11289764195680618
